회사명,index,거래소코드,회계년도,상장일,상장폐지일_x,부실기업1,부실기업2,부실기업,시장구분,업종,경기민감도,총자본증가율,자기자본증가율,매출액증가율,종업원수증가율,정상영업손익증가율,총자본정상영업이익률,금융비용부담률,1주당순이익,유동비율,당좌비율,부채비율,CASH FLOW 대 부채비율,CASH FLOW 대 매출액비율,총자본투자효율,부가가치율,종업원1인당부가가치율_계산,자기자본회전률,타인자본회전률
삼정펄프(주),2492,009770,201812,200610,,0,0,0,KOSPI,제조업,1,-2.226942758,-1.6662854,-5.425115078,-23.36,-156.0960971,-2.1,-1.35,-69.6640081,893.17,780.6,11.91,21.29,3.37,11.24,16.73,97.37618026,0.793973093,6.1
효성첨단소재(주),3976,298050,202012,201807,,0,0,0,KOSPI,제조업,1,-6.104265255,-5.991532857,-21.58075329,-3.66,-78.39374459,1.39,1.95,1520.171439,59.64,39.02,388.92,11.01,9.17,21.88,21.72,120.49183,6.550720162,1.16
(주)퍼시스,1340,016800,201212,199612,,0,0,0,KOSPI,제조업,1,-1.633047635,3.564255476,-20.03806796,19.69,-29.81365648,7.07,-2.05,2556.546609,740.06,676.07,12.79,46.09,8.06,13.37,20.62,150.5497697,0.947149533,4.86
(주)현대백화점,1544,069960,201212,200211,,0,0,0,KOSPI,도매 및 소매업,1,14.40686608,11.89821328,5.616145524,21.44,-5.302028812,8.42,-0.46,15571.07517,101.78,98.6,66.85,18.0,25.62,14.33,50.9,363.495826,0.497563186,0.76
에이치에스디엔진(주),2901,082740,201112,201101,,0,0,0,KOSPI,제조업,1,5.469908305,69.07080618,15.90599314,0.23,21.7310623,13.18,-0.28,3234.185079,81.66,61.33,257.31,14.55,10.71,20.9,21.37,317.9315666,0.464403656,1.2
삼성SDI(주),2388,006400,201412,197902,,0,0,0,KOSPI,제조업,1,51.27934656,56.80533421,9.12508605,33.76,138.6830311,0.53,0.08,-1141.114928,156.84,122.75,35.02,7.47,5.65,9.62,28.08,48.94663764,0.664129048,1.53
(주)우성,987,006980,201612,198810,,0,0,0,KOSPI,제조업,1,-4.118872522,-0.396100003,-12.17684678,4.48,-68.65793894,0.43,-0.08,26.0294822,201.36,152.67,48.53,9.98,2.91,12.18,10.87,90.43739286,1.84285889,3.23
(주)영흥,960,012160,201412,201001,,0,0,0,KOSPI,제조업,1,10.48930384,1.415047115,-10.50564575,32.14,-69.30244878,0.94,0.56,32.08892215,115.15,78.0,98.59,9.35,7.49,11.67,18.84,76.76586873,1.359459655,1.37
(주)비지에프리테일,474,282330,201812,201712,,0,0,0,KOSPI,도매 및 소매업,1,16.06600301,34.22637793,82.96258463,0.0,594.6717064,13.73,-0.12,8920.823973,91.15,77.61,184.2,16.69,2.78,48.04,12.33,250.7851035,6.550720162,6.25
한국주강(주),3596,025890,201712,199707,,0,0,0,KOSPI,제조업,1,30.97605815,-10.13275819,12.89855365,44.64,-432.3986363,-2.79,-1.29,-417.8265791,123.31,97.7,50.73,-0.25,-0.24,1.87,5.31,15.11895238,0.411458731,1.95
디와이파워(주),2200,210540,202012,201501,,0,0,0,KOSPI,제조업,1,9.585727162,13.17599108,-11.27448805,3.62,36.95869689,12.91,0.17,2301.308004,216.91,166.31,52.23,37.26,12.07,28.35,26.78,95.43518703,2.165483765,3.14
자화전자(주),3126,033240,201812,199901,,0,0,0,KOSPI,제조업,1,-22.36308992,-2.351359593,-19.5877507,-5.56,-127.6681165,-1.9,-0.52,-71.68558659,267.48,229.07,27.17,49.77,10.45,31.16,30.63,67.88704044,1.568241618,2.84
(주)넥솔론,152,110570,201112,201110,42842.0,0,0,0,KOSPI,제조업,1,44.32627985,8.3112714,30.32730958,0.0,-121.3055317,-1.1,4.62,-304.3907307,61.39,35.6,388.92,-5.62,-8.5,5.37,9.84,61.69902985,3.112422321,0.77
케이피엑스케미칼(주),3309,025000,201412,199412,,0,0,0,KOSPI,제조업,1,8.565192378,9.524825376,5.782005427,17.79,37.23682793,9.33,-0.3,8457.55124,277.59,210.15,33.87,21.61,3.39,18.35,11.36,270.1979866,2.277080732,6.56
삼성공조(주),2402,006660,201812,198711,,0,0,0,KOSPI,제조업,1,-1.108828825,2.72415842,-11.87570014,-1.73,-126.4911312,-0.43,-2.91,779.2412402,353.92,325.07,21.64,17.87,10.23,6.48,20.85,51.49180617,0.450964538,1.6
(주)태영건설,1301,009410,201712,198911,,0,0,0,KOSPI,건설업,1,36.18777535,13.79600309,58.61739114,19.01,220.5318331,7.55,0.72,1561.284415,128.02,72.14,231.06,-1.18,-1.2,13.19,19.19,204.4221006,1.63080462,1.18
(주)화승엔터프라이즈,1584,241590,201712,201610,,0,0,0,KOSPI,제조업,1,43.53029205,35.62495155,19.99114518,-25.0,33.55532457,11.01,0.45,1374.835021,92.42,53.36,139.71,8.88,4.22,33.82,27.59,685.3952381,3.320893447,2.52
(주)종근당홀딩스,1180,001630,202012,197606,,0,0,0,KOSPI,제조업,1,17.09364763,13.54415242,19.07664947,44.64,3.600595683,7.65,0.26,16360.35769,140.66,82.03,49.76,21.26,10.36,22.03,32.31,569.20525,1.021578509,2.28
해태제과식품(주),3801,101530,201612,201605,,0,0,0,KOSPI,제조업,1,6.437380776,66.63241485,-0.685345876,0.0,-24.98007194,4.55,1.37,874.5360328,58.47,45.7,170.22,10.0,6.33,24.69,24.8,77.07606792,5.471444985,1.48
(주)사조해표,507,079660,201112,200409,43642.0,0,0,0,KOSPI,제조업,1,15.03015651,2.44589069,11.52172831,2.85,-51.15234838,2.18,0.61,385.4797486,86.17,38.99,168.12,-0.07,-0.03,8.89,5.44,71.44686981,4.38069785,2.89
(주)삼양패키징,529,272550,201712,201711,,0,0,0,KOSPI,제조업,1,1.106061569,12.72864085,7.517800422,0.0,4.148652765,8.62,2.36,1966.196156,130.79,109.21,102.38,21.15,15.96,20.45,30.51,243.3914593,1.356713203,1.27
세기상사(주),2621,002420,201712,196812,,0,0,0,KOSPI,도매 및 소매업,1,-1.969144293,-1.792663779,2.99459498,0.0,49.30773473,-0.86,5.3,232.8087892,51.15,33.02,81.76,-2.76,-9.5,7.37,56.31,83.42815789,0.348038399,0.58
(주)삼원강재,533,023000,201112,201107,,0,0,0,KOSPI,제조업,1,45.72275688,80.17294023,22.47603052,0.0,36.09779378,14.73,0.03,511.263375,190.14,121.63,60.51,14.85,3.51,24.73,15.52,207.9283398,2.557658445,4.39
전방(주),3127,000950,201112,196810,,0,0,0,KOSPI,제조업,1,69.21124533,67.96820657,-4.910520405,-1.47,-236.7932278,-5.53,2.26,-2238.020276,58.68,33.02,119.64,-1.64,-1.51,2.09,3.55,6.36587156,1.783291249,1.27
(주)신세계인터내셔날,690,031430,202012,201107,,0,0,0,KOSPI,도매 및 소매업,1,1.645427448,6.99476074,-6.982569179,6.86,-60.03839846,2.97,0.67,7137.0,142.17,57.65,78.95,20.5,7.83,20.94,18.12,151.9501834,2.137016421,2.56
신세계건설(주),2678,034300,201312,200206,,0,0,0,KOSPI,건설업,1,-5.108089745,-31.51271657,-26.41997617,0.7,-358.3450197,-3.57,2.05,-2238.020276,51.15,33.7,388.92,0.79,0.94,-3.59,-5.86,-75.62221774,3.716251589,0.93
(주)삼일씨엔에스,554,004440,201712,201603,,0,0,0,KOSPI,제조업,1,-4.654513425,-1.115568695,-22.2306671,-11.33,-76.78184199,3.49,-0.3,345.5435371,257.4,198.27,26.55,39.82,13.66,10.13,16.57,137.6225188,0.76950658,2.66
(주)세이브존아이앤씨,635,067830,201112,200207,,0,0,0,KOSPI,도매 및 소매업,1,6.76904866,1.61403232,5.850872714,-10.69,10.48789944,5.85,4.97,390.3371259,56.35,53.91,109.42,11.94,19.61,10.89,34.24,244.477906,0.666370983,0.63
에스케이네트웍스(주),2828,001740,201512,197706,,0,0,0,KOSPI,도매 및 소매업,1,-3.545767983,0.045382238,-9.158430291,-3.85,-4.850012041,2.29,0.35,294.1538303,92.06,65.27,225.6,-1.01,-0.28,7.74,3.12,154.4765658,6.550720162,3.49
씨제이제일제당(주),2757,097950,202012,200709,,0,0,0,KOSPI,제조업,1,-2.544612158,7.224173301,8.47004385,2.93,51.59051182,5.24,1.17,16360.35769,105.47,79.19,151.93,13.42,8.55,23.57,24.9,190.0882001,2.662641056,1.5
삼아알미늄(주),2431,006110,201312,198012,,0,0,0,KOSPI,제조업,1,9.959018926,-0.134471627,-14.08869921,-1.85,-76.87683964,0.64,0.37,34.08718182,159.26,96.79,74.44,16.67,10.52,12.88,19.06,92.73407547,1.377342421,1.77
(주)대유에이텍,228,002880,201412,197702,,0,0,0,KOSPI,제조업,1,70.82381289,18.94140111,32.83425446,1.05,9.265835346,2.39,0.61,176.7217647,65.19,51.6,388.92,5.51,4.68,9.71,9.87,93.8334715,6.505337827,1.53
(주)지에스리테일,1192,007070,201212,201112,,0,0,0,KOSPI,도매 및 소매업,1,-2.679273459,6.262968463,13.01102091,27.96,36.39407185,4.76,0.07,1603.359221,121.34,96.55,91.14,7.99,2.47,26.46,17.14,169.8080552,2.775409561,3.05
알보젠코리아(주),2789,002250,201412,197311,43605.0,0,0,0,KOSPI,제조업,1,78.27578096,90.75571586,-7.865142334,2.47,-331.5007431,-3.56,-0.58,-901.2594281,302.14,222.54,73.53,-10.8,-13.66,7.24,34.87,65.92846386,0.752723424,0.58
한화솔루션(주),3781,009830,201112,197406,,0,0,0,KOSPI,제조업,1,27.68326088,31.60038948,10.59496817,9.65,-58.12649111,2.85,2.18,1178.837127,89.35,61.96,147.06,10.48,9.31,10.97,16.36,360.1604097,1.069560127,1.19
이연제약(주),3027,102460,201312,201006,,0,0,0,KOSPI,제조업,1,13.68604989,11.11051684,-4.059556715,-1.92,-17.87311082,10.4,-1.35,875.4233333,361.09,291.76,27.07,28.97,10.04,22.1,35.94,128.8531699,0.986387868,3.2
동일산업(주),2122,004890,201712,200506,,0,0,0,KOSPI,제조업,1,6.833721257,5.595639625,24.54487089,-0.85,91.06585003,6.11,-1.54,9626.707323,643.89,518.53,15.09,43.8,6.01,12.82,13.42,231.7614592,0.947866066,7.82
에이치디씨현대이피(주),2892,089470,201212,200609,,0,0,0,KOSPI,제조업,1,25.52219491,13.66224323,12.31237866,6.82,9.881293796,6.61,1.15,595.5985893,117.46,82.75,274.75,-2.93,-1.28,13.79,8.26,141.2423889,6.331403668,2.58
진양산업(주),3230,003780,201512,197306,,0,0,0,KOSPI,제조업,1,9.167948992,9.942361321,13.67921904,10.71,67.95558795,16.9,-0.2,408.6227692,478.06,357.46,17.88,69.13,10.32,27.81,27.38,138.766129,1.175158682,6.86
(주)세아홀딩스,615,058650,201112,200107,,0,0,0,KOSPI,제조업,1,21.45864868,46.54935499,25.26692874,26.92,41.81684533,9.32,1.2,16360.35769,130.46,72.62,78.62,17.23,6.84,19.95,18.0,377.0169697,1.979886504,2.48
태평양물산(주),3431,007980,201212,199412,,0,0,0,KOSPI,제조업,1,43.06776205,-1.431487633,26.40899512,15.64,-50.46986314,1.6,1.61,-656.5848978,102.34,33.02,329.3,-19.54,-11.63,22.78,17.68,106.5072,4.313111227,1.68
효성아이티엑스(주),3971,094280,201912,200710,,0,0,0,KOSPI,임대업,1,31.23696961,8.276600427,-3.449266602,-8.29,14.90334239,9.28,-0.52,871.4077084,73.51,66.2,208.04,17.92,4.97,50.49,65.0,38.55444036,6.550720162,4.28
(주)한창,1486,005110,201812,197606,,0,0,0,KOSPI,도매 및 소매업,1,2.263075389,-20.37222053,-11.53967242,0.0,1.795142439,4.4,0.18,44.77362669,127.06,60.86,225.67,-0.99,-0.74,12.54,13.45,-75.62221774,2.813091427,1.45
(주)삼양사,520,145990,201712,201112,,0,0,0,KOSPI,제조업,1,3.123741655,6.047046129,2.01362143,6.9,-39.67177142,4.24,0.49,4613.986489,174.21,116.85,72.11,7.26,3.17,12.45,12.98,120.8056457,1.699168456,2.28
(주)아모레퍼시픽그룹,751,002790,201112,197304,,0,0,0,KOSPI,제조업,1,28.53604438,27.66097569,14.37394637,44.64,17.45022327,10.76,-0.76,16360.35769,243.78,192.18,26.72,50.64,14.86,22.95,31.92,685.3952381,0.91092463,3.63
(주)디아이,328,003160,201612,199607,,0,0,0,KOSPI,제조업,1,4.586307865,-0.29260958,4.02423821,6.96,254.003119,3.12,0.69,53.96938132,144.41,110.26,55.92,6.47,3.8,18.89,30.91,84.52691057,0.95128255,1.82
써니전자(주),2726,004770,201612,198704,,0,0,0,KOSPI,제조업,1,0.151722399,26.14281811,-10.14295823,-3.75,199.3114789,3.06,0.87,37.18306083,587.85,518.81,15.9,56.02,15.16,15.33,30.25,83.32116883,0.858715691,2.24
(주)광명전기,94,017040,202012,199009,,0,0,0,KOSPI,제조업,1,5.852738615,4.163561162,-6.306460034,17.53,-46.93814812,2.63,-0.15,104.5241414,206.7,181.07,51.1,22.97,10.43,12.14,16.3,83.77736842,1.148292985,2.3
일신방직(주),3084,003200,202012,197305,,0,0,0,KOSPI,제조업,1,1.110660368,0.880503753,-6.313560041,-30.12,-0.301881039,1.41,0.02,4346.888333,292.56,227.32,32.16,18.37,9.27,9.83,20.38,69.59578629,0.686097706,2.0
(주)영풍,955,000670,201312,197606,,0,0,0,KOSPI,제조업,1,36.00600683,29.12278522,82.96258463,3.6,13.05816844,4.61,0.19,16360.35769,156.22,93.12,39.87,23.05,7.91,17.45,20.99,240.5736,0.784717155,3.56
고려아연(주),1793,010130,201112,199007,,0,0,0,KOSPI,제조업,1,19.4798372,27.87665633,44.69334593,7.89,71.66698126,20.54,-0.23,16360.35769,355.31,226.73,31.21,69.25,13.66,26.21,21.73,685.3952381,5.149342492,4.92
계룡건설산업(주),1754,013580,201112,199601,,0,0,0,KOSPI,건설업,1,8.545890114,0.67630548,4.53008579,0.41,-2.643823715,2.91,1.13,1327.334503,174.95,163.19,203.97,6.55,3.94,12.24,10.97,163.7933605,5.077792999,1.74
성보화학(주),2599,003080,201212,197612,,0,0,0,KOSPI,제조업,1,1.006295602,1.807928661,9.993419838,1.43,74.20325343,2.75,-0.39,1485.396603,453.16,170.39,16.06,20.31,6.3,12.8,28.7,91.58373239,0.479194573,3.16
그린케미칼(주),1842,083420,201812,200510,,0,0,0,KOSPI,제조업,1,-3.173151682,-2.280180604,0.183892611,2.84,-4.777123148,1.75,0.35,125.6508,108.34,73.57,76.31,17.47,5.63,16.6,12.35,216.4148276,2.252280151,3.04
(주)유니드,1045,014830,201212,200412,,0,0,0,KOSPI,제조업,1,-12.43239328,-0.673163244,-5.03214151,0.24,-58.68834371,3.2,1.35,682.5316485,166.72,110.87,78.68,8.55,4.9,9.01,11.71,151.5588808,1.437223655,1.51
(주)화승코퍼레이션,1601,013520,201412,199102,,0,0,0,KOSPI,제조업,1,3.212893763,4.61769287,3.939988543,3.61,19.99231502,7.64,1.66,1805.489705,77.22,56.02,388.92,10.02,5.7,23.63,16.27,103.4833547,6.550720162,1.78
(주)신세계푸드,693,031440,201312,201004,,0,0,0,KOSPI,숙박 및 음식점업,1,8.500527779,7.868876491,0.035199644,44.64,-33.99633946,8.22,-0.17,5629.787085,227.16,160.82,30.88,58.53,5.49,34.21,13.6,58.62455469,3.417943711,8.17
(주)엘에프,888,093050,201112,200612,,0,0,0,KOSPI,제조업,1,35.06858979,29.0521924,26.26777378,16.42,8.166847463,10.99,-0.19,3203.774453,229.93,67.13,42.16,-17.56,-4.24,46.41,37.81,625.1377457,1.744765535,4.14
(주)현대홈쇼핑,1561,057050,201912,201009,,0,0,0,KOSPI,도매 및 소매업,1,-1.721172277,2.6420614,82.96258463,1.03,16.04811351,5.16,-0.09,6930.746583,173.69,141.92,44.81,2.22,0.84,17.16,20.85,193.7451685,0.630373946,2.52
(주)보령,461,003850,202012,198810,,0,0,0,KOSPI,제조업,1,27.65111445,20.26263974,7.171498919,-1.75,2.361578392,6.92,0.51,564.0437211,256.9,179.19,90.43,14.91,8.16,26.26,30.28,122.5408922,1.803046909,2.11
미원상사(주),2296,002840,201912,198909,,0,0,0,KOSPI,제조업,1,14.3136567,13.58968483,-23.93354742,9.49,18.72738215,12.26,-0.11,6116.976219,338.59,166.13,25.0,50.86,11.42,32.31,36.28,159.1367528,1.623489026,4.81
고려산업(주),1783,002140,201112,199101,,0,0,0,KOSPI,제조업,1,-2.15665908,-4.229213832,9.146032029,-13.13,11.1140776,5.34,0.64,875.4834965,113.93,72.48,122.77,6.47,2.52,10.45,7.38,149.3459302,4.488717018,2.57
롯데제과(주),2214,280360,201812,201710,,0,0,0,KOSPI,제조업,1,33.33065675,52.06728012,82.96258463,0.0,594.6717064,2.89,0.85,1311.964514,156.73,103.95,102.13,8.39,6.36,15.67,23.51,75.9650948,2.113929883,1.43
롯데케미칼(주),2234,011170,201812,199105,,0,0,0,KOSPI,제조업,1,6.384172559,10.5229269,4.223772311,2.04,-32.84686708,9.75,-0.14,16360.35769,205.58,160.71,53.56,31.08,13.63,17.14,21.55,685.3952381,1.466089349,2.27
한일홀딩스(주),3763,003300,201312,196911,,0,0,0,KOSPI,제조업,1,4.90853282,8.029066572,27.38825786,-1.74,93.88899656,6.66,1.31,11007.01866,168.11,144.37,61.32,12.17,7.82,12.5,21.14,330.7697271,0.795912235,1.56
한국수출포장공업(주),3538,002200,201512,197406,,0,0,0,KOSPI,제조업,1,2.9199943,-1.074614681,-0.360543954,0.0,-80.94135935,0.91,0.16,-60.01,178.6,130.81,33.27,22.4,7.3,10.86,14.17,96.24089744,1.033989429,3.31
현대비앤지스틸(주),3852,004560,201412,198703,,0,0,0,KOSPI,제조업,1,0.610619483,9.084323695,2.142349027,4.82,5.399552776,7.7,0.75,1951.077524,228.87,119.44,95.41,13.22,5.72,16.69,14.79,230.272954,2.481529547,2.23
에스케이렌터카(주),2848,068400,202012,201207,,0,0,0,KOSPI,임대업,1,35.37488075,34.31949252,34.73085624,44.64,70.42598552,3.66,4.3,384.7003247,51.15,33.02,380.97,-5.07,-10.35,19.73,50.9,685.3952381,2.166241273,0.58
(주)STX,35,011810,201112,199009,,0,0,0,KOSPI,도매 및 소매업,1,-22.36308992,-31.51271657,-38.67458151,-30.12,-45.16695439,4.14,2.05,3709.57162,70.06,54.61,173.19,-0.52,-0.29,10.01,8.78,604.1530612,3.114760781,1.53
엘아이지넥스원(주),2912,079550,201512,201510,,0,0,0,KOSPI,제조업,1,7.893185255,61.14294558,35.96297704,0.0,55.7511933,6.64,0.31,3773.742045,93.04,84.5,203.99,3.08,1.9,25.31,23.33,140.8858855,2.172874491,1.56
(주)대유플러스,239,000300,201512,197506,,0,0,0,KOSPI,제조업,1,11.01259505,-0.332788966,-1.187433163,9.43,137.8408978,0.2,0.65,-1.962380479,120.22,101.55,388.92,0.88,1.21,9.53,15.08,73.89270115,4.643402472,0.78
영풍제지(주),2957,006740,202012,199607,,0,0,0,KOSPI,제조업,1,44.8621068,5.734527785,-1.523357697,-5.83,-6.095920271,5.98,-0.83,383.9865315,417.7,376.53,59.71,12.36,9.52,11.26,23.19,234.8443299,0.863615442,2.06
(주)종근당,1157,185750,201712,201312,,0,0,0,KOSPI,제조업,1,5.53319737,13.84461207,6.295455403,6.53,26.96419541,11.48,0.32,5710.274045,163.76,117.19,67.92,29.82,9.24,35.63,27.28,120.153993,2.487952419,3.23
평화홀딩스(주),3479,010770,201112,198603,,0,0,0,KOSPI,제조업,1,20.58359637,23.55640736,1.809820992,-30.12,-92.97372899,0.07,2.76,-847.5427723,104.4,89.15,243.64,2.29,1.81,18.4,20.58,247.5542593,6.550720162,1.32
AJ네트웍스(주),1659,095570,201612,201508,,0,0,0,KOSPI,임대업,1,20.64204812,7.405275636,18.78545605,44.64,-16.6977729,3.25,3.36,364.7661226,51.15,33.02,386.87,-8.86,-11.69,23.65,39.26,324.3460506,2.652134384,0.84
(주)에스지세계물산,844,004060,201212,197604,,0,0,0,KOSPI,도매 및 소매업,1,-4.402236494,0.254129419,-5.941476339,0.43,-93.2985666,0.08,-0.08,3.76997975,193.97,96.39,38.98,12.97,3.3,10.23,9.27,85.86812766,1.534633232,3.93
(주)경보제약,70,214390,201612,201506,,0,0,0,KOSPI,제조업,1,4.218930942,5.3617829,4.883114911,4.52,-39.16189454,7.81,0.5,531.476321,140.58,75.17,57.44,19.89,7.92,30.44,33.22,149.1036779,1.480664078,2.54
삼영전자공업(주),2463,005680,201212,197612,,0,0,0,KOSPI,제조업,1,-2.789409513,-0.246784658,-10.85463675,-5.9,-49.06010148,2.49,-1.59,431.08985,1023.05,790.63,8.48,111.32,11.61,17.33,27.54,70.2740374,0.753724056,7.98
현대에너지솔루션(주),3859,322000,201912,201911,,0,0,0,KOSPI,제조업,1,74.08096238,33.07602191,28.32950964,0.0,58.67774225,4.58,-0.07,2102.446607,227.74,150.49,51.37,9.96,3.65,7.75,8.36,183.5512745,1.636257694,2.73
삼성전자(주),2413,005930,201112,197506,,0,0,0,KOSPI,제조업,1,15.89299994,13.98585241,6.70725021,6.6,-2.233995125,11.21,-0.04,16360.35769,161.33,125.87,52.81,43.45,14.16,29.05,27.4,291.9347357,1.447686346,3.34
삼양식품(주),2439,003230,201812,197506,,0,0,0,KOSPI,제조업,1,3.506064589,15.41740063,2.371267853,-1.48,27.36986948,13.62,0.11,4686.64021,93.52,76.59,75.81,22.95,8.69,35.47,31.15,90.32602451,2.408958722,2.52
웰바이오텍(주),2970,010600,201312,199707,,0,0,0,KOSPI,도매 및 소매업,1,-0.947002123,12.89812918,0.741710201,0.0,-39.75912488,3.15,0.39,169.6427936,233.47,85.04,50.48,9.91,1.48,15.9,7.07,173.4979412,3.612123894,5.95
무림페이퍼(주),2266,009200,202012,199006,,0,0,0,KOSPI,제조업,1,1.687911952,-6.259524567,-15.49057106,0.21,-60.38163257,1.25,3.09,-909.6226782,86.12,63.28,240.39,5.6,9.15,7.37,17.05,139.9131092,1.658073415,0.63
태양금속공업(주),3414,004100,201512,197605,,0,0,0,KOSPI,제조업,1,1.578609457,1.340892336,1.464981595,0.16,5.587365974,3.57,1.43,98.79765,98.51,61.83,267.74,3.98,2.22,22.44,17.22,87.11380282,4.959873789,1.8
(주)엔케이,882,085310,201112,200801,,0,0,0,KOSPI,제조업,1,15.26514193,12.46148748,-0.915375699,21.19,310.9993705,4.13,5.3,-32.79854152,98.7,57.99,175.06,3.17,3.36,9.18,15.25,100.625082,1.655949042,0.95
대림비앤코(주),1954,005750,201712,199212,,0,0,0,KOSPI,제조업,1,1.390645486,3.152336283,11.38112067,9.96,-15.55707428,4.0,0.96,404.0164369,124.52,86.86,91.34,7.93,4.96,20.11,26.31,52.69294498,1.393057461,1.6
디에스알(주),2182,155660,201812,201305,,0,0,0,KOSPI,제조업,1,-1.421931514,4.681522503,4.263255188,-0.56,-28.6921394,4.37,0.24,501.19625,163.29,77.22,52.59,7.08,2.33,15.46,14.74,148.6696023,1.65000928,2.86
롯데쇼핑(주),2204,023530,201412,200602,,0,0,0,KOSPI,도매 및 소매업,1,2.821882468,3.65509813,-0.397477685,3.48,-19.98855086,3.01,0.53,16360.35769,119.48,94.26,128.41,6.57,5.27,12.67,18.06,113.3368124,1.728469337,1.26
페이퍼코리아(주),3474,001020,201212,197605,,0,0,0,KOSPI,제조업,1,3.949485373,3.862566601,3.385882876,-8.66,174.3415233,4.5,5.3,31.3627481,51.15,33.02,253.6,-3.18,-3.89,15.58,26.51,285.0632701,2.087170963,0.84
(주)우진플라임,1013,049800,201812,200605,,0,0,0,KOSPI,제조업,1,-8.122037958,-17.76081482,-25.12804267,-9.59,-289.4196603,-3.92,3.39,-1359.6004,117.54,55.15,331.16,-0.26,-0.33,14.13,23.65,54.93860606,2.851202677,0.76
(주)엘엑스인터내셔널,907,001120,202012,197603,,0,0,0,KOSPI,도매 및 소매업,1,10.66369539,13.54208798,7.138785286,1.79,18.58600683,3.11,0.25,9329.373039,125.59,99.98,206.88,6.59,2.13,18.58,8.89,685.3952381,6.550720162,3.24
(주)MH에탄올,10,023150,202012,199612,,0,0,0,KOSPI,제조업,1,-0.397605002,1.305491938,17.02028807,14.89,101.5802193,3.5,5.3,515.3906078,51.15,33.02,388.92,4.11,16.04,10.06,47.78,205.4540741,1.184438162,0.58
(주)케이씨씨,1238,002380,201712,197306,,0,0,0,KOSPI,제조업,1,4.162770891,-1.687110643,10.70057218,0.9,0.995724819,3.53,0.62,4006.970294,94.19,73.08,62.69,10.39,9.89,8.54,21.08,129.9380977,0.589829681,1.12
(주)락앤락,371,115390,202012,201001,,0,0,0,KOSPI,제조업,1,-2.093750448,-2.731052326,3.290574882,0.34,18.96550015,3.65,-0.51,221.7708889,590.63,391.91,17.71,50.68,11.9,19.43,30.31,72.97341794,0.744046582,4.29
(주)현대리바트,1526,079430,201412,200511,,0,0,0,KOSPI,제조업,1,3.768031034,13.45784836,15.92058869,-15.54,166.6673918,10.09,-0.17,1560.559506,179.98,117.96,57.69,17.12,3.36,21.11,11.34,143.8663196,2.908800569,4.83
진원생명과학(주),3260,011000,201812,198711,,0,0,0,KOSPI,제조업,1,8.024276517,-19.51310698,26.20838701,28.57,54.71319368,-10.89,3.08,-561.8970247,202.97,161.36,67.62,-19.54,-13.66,17.82,25.61,-75.62221774,0.750668629,2.37
(주)이수화학,1093,005950,201112,198804,,0,0,0,KOSPI,제조업,1,9.31161277,-3.66718536,18.6319781,2.98,-4.158941031,6.6,1.17,1427.137473,127.3,99.26,160.85,4.17,1.49,12.08,6.99,241.6774277,6.550720162,3.05
애경산업(주),2795,018250,201912,201803,,0,0,0,KOSPI,제조업,1,10.08630094,9.507714039,0.250479256,8.23,-23.4547838,14.07,-0.09,1576.795891,296.75,208.65,33.4,32.57,5.25,35.9,23.11,159.2765846,2.263232229,6.55
(주)대웅제약,223,069620,201912,200211,,0,0,0,KOSPI,제조업,1,3.131341742,4.624910653,7.950001419,4.95,81.90503704,3.64,0.66,2491.297558,200.8,133.03,95.88,8.62,4.72,17.49,19.57,116.8798429,1.79046309,1.84
금호석유화학(주),1871,011780,201712,198801,,0,0,0,KOSPI,제조업,1,0.741292117,13.24742242,27.56231204,-2.14,67.19629113,5.76,1.15,6498.649838,69.63,47.33,134.05,13.68,7.09,16.02,14.48,380.8105712,2.341300335,1.86
상신브레이크(주),2558,041650,201412,200410,,0,0,0,KOSPI,제조업,1,12.52492876,13.44712118,10.20646086,0.47,2.135476752,9.36,1.05,881.5769778,100.6,62.18,165.28,11.2,6.25,34.92,31.26,119.6529688,3.311490822,1.89
동화약품(주),2137,000020,201612,197603,,0,0,0,KOSPI,제조업,1,2.33852784,9.911255778,6.393130756,-2.91,133.9371457,3.51,-0.4,939.9547535,273.19,225.27,28.34,31.61,9.54,29.86,40.82,145.1202395,0.970770592,2.99
디아이동일(주),2169,001530,201312,196401,,0,0,0,KOSPI,도매 및 소매업,1,8.067623594,1.324030418,2.771605849,-0.33,104.2344009,2.93,0.8,6675.407804,105.71,51.53,74.87,4.55,2.51,11.13,14.32,42.61092282,1.311116643,1.97
(주)남성,141,004270,201112,198911,,0,0,0,KOSPI,도매 및 소매업,1,-8.042526361,3.752875794,-19.42786599,-11.94,-110.7135081,-0.15,5.3,-503.1691012,63.88,42.43,157.95,-2.45,-5.06,4.98,16.78,164.169322,0.765485131,0.58
(주)사조오양,505,006090,201912,198612,,0,0,0,KOSPI,제조업,1,0.929781938,7.613443352,5.892396048,10.18,81.12165396,7.3,0.56,1402.437338,86.8,36.59,85.7,12.52,5.73,22.87,22.69,83.22281871,1.940193647,2.12
(주)포스코케미칼,1359,003670,201912,201905,,0,0,0,KOSPI,제조업,1,78.27578096,32.7365581,7.24023872,22.4,-15.46995907,6.71,0.11,1658.736736,259.18,184.02,71.93,10.18,4.97,18.82,21.95,174.3630499,6.550720162,3.25
(주)엘엑스하우시스,916,108670,201912,200904,,0,0,0,KOSPI,제조업,1,2.225950845,-0.083883558,-2.43958664,0.63,-2.265137628,2.71,0.95,1156.5,104.92,75.04,180.09,14.71,7.62,24.85,20.01,147.2159624,3.477670682,1.97
한솔피엔에스(주),3709,010420,201212,198905,,0,0,0,KOSPI,도매 및 소매업,1,-2.078491812,5.04863192,-2.700636427,-23.82,594.6717064,2.8,0.3,17.4183462,125.7,115.03,172.9,7.94,2.57,24.05,12.28,98.16345679,5.771492398,3.0
일진다이아몬드(주),3098,081000,201712,200412,,0,0,0,KOSPI,제조업,1,7.13650248,15.62248801,14.0915828,0.0,79.72984602,7.57,0.42,652.6841033,193.61,113.72,60.04,22.43,10.67,29.07,36.89,88.62518433,1.310319137,2.05
한국단자공업(주),3515,025540,201212,199610,,0,0,0,KOSPI,제조업,1,4.432901486,9.915011226,5.2644258,11.34,15.03370901,9.66,-0.43,2871.541239,256.85,194.9,25.98,52.67,11.22,21.5,22.2,105.318836,1.274120676,4.39
한국제지(주),3572,002300,201212,197106,44025.0,0,0,0,KOSPI,제조업,1,-3.207729786,1.582027547,-0.187509355,1.42,16.53212381,1.12,-0.12,2235.733471,232.17,178.47,30.81,28.58,6.55,9.64,9.38,119.6629459,1.368356714,3.98
(주)코리아써키트,1264,007810,201212,198509,,0,0,0,KOSPI,제조업,1,10.20868704,15.54525443,29.22318914,12.93,594.6717064,10.04,0.74,1927.727197,127.24,90.83,61.23,26.74,9.04,25.61,22.79,168.1346421,1.619959984,3.0
삼호개발(주),2506,010960,201212,200505,,0,0,0,KOSPI,건설업,1,4.822787071,6.763443696,15.05227026,8.06,219.1452351,5.03,-1.24,336.61996,159.44,151.47,73.48,17.24,7.11,15.85,15.42,112.768678,1.654668175,2.43
현대엘리베이터(주),3867,017800,201712,199607,,0,0,0,KOSPI,제조업,1,8.545032083,5.587396919,13.35625084,0.37,-25.49004747,6.16,0.84,3207.191812,123.43,118.42,173.88,8.65,6.3,17.71,20.32,154.7784375,2.454906223,1.44
(주)풍산,1379,103140,201912,200807,,0,0,0,KOSPI,제조업,1,-3.958209958,0.325519666,-11.6487391,-3.88,-61.72816014,1.57,1.17,628.9392719,163.12,59.68,85.18,12.0,5.77,18.16,18.99,108.9754864,2.064007706,1.99
(주)화승인더스트리,1589,006060,201212,199102,,0,0,0,KOSPI,제조업,1,-4.037142866,-1.197286284,-7.15507964,-17.63,-23.934984,2.65,1.1,75.52715112,93.43,65.92,233.46,4.05,2.31,26.52,21.66,124.2214381,4.34502886,1.7
세방전지(주),2629,004490,201512,198711,,0,0,0,KOSPI,제조업,1,7.939735222,9.880767299,0.070910266,5.78,17.66117365,9.52,-0.65,5615.733429,317.4,263.26,30.38,29.06,7.09,20.97,21.96,229.509071,1.418776506,4.1
팜젠사이언스(주),3466,004720,201112,199006,,0,0,0,KOSPI,제조업,1,-19.77917439,-23.03924509,-36.45825804,-7.57,-233.4261541,-9.1,4.9,-139.1513957,145.55,117.76,129.11,11.99,10.37,4.65,7.14,10.04070175,0.695093664,1.16
한국쉘석유(주),3550,002960,201712,198808,,0,0,0,KOSPI,제조업,1,6.484393625,2.181105267,-0.173324779,0.91,-14.36838352,20.54,-0.32,16360.35769,356.27,276.9,31.68,78.87,11.8,33.52,20.85,395.3897297,2.172298428,7.37
(주)엘에스네트웍스,887,000680,201112,197311,,0,0,0,KOSPI,도매 및 소매업,1,9.416446729,-5.594924639,19.41666852,26.97,-76.84213669,0.45,3.06,263.214926,240.7,67.44,69.39,2.85,3.45,6.36,18.81,127.6857699,0.572989904,0.93
(주)무학,416,033920,201512,201007,,0,0,0,KOSPI,제조업,1,4.233367346,5.028986843,1.935047055,15.09,-19.38519101,12.04,-0.09,1025.367936,53.4,45.17,27.73,85.46,28.6,16.84,31.71,170.8655431,0.69508686,2.46
한일건설(주),3739,006440,201112,199301,41380.0,0,0,0,KOSPI,건설업,1,-22.36308992,102.2875763,34.32031029,-16.93,314.5350535,3.73,3.39,106.4170066,184.17,167.18,388.92,3.03,2.65,12.07,12.27,44.37882166,0.550853317,0.85
일진머티리얼즈(주),3105,020150,201112,201103,,0,0,0,KOSPI,제조업,1,31.7266956,102.2875763,10.44339182,34.11,-64.91087207,3.46,0.05,345.4218622,154.23,53.31,35.21,4.8,1.68,14.73,19.76,91.35215318,1.699285325,2.16
일진디스플레이(주),3102,020760,201112,200201,,0,0,0,KOSPI,제조업,1,26.02731537,74.82449147,82.96258463,44.64,177.2306453,20.54,0.83,1130.68901,121.27,85.92,101.75,13.06,3.68,31.27,17.46,96.16789474,0.903934347,3.52
KISCO홀딩스(주),1669,001940,201512,198911,,0,0,0,KOSPI,제조업,1,1.985285902,6.433165068,-6.205840628,-4.17,594.6717064,6.48,-0.94,16360.35769,456.05,385.24,17.06,58.71,11.07,15.45,19.99,685.3952381,1.023770421,4.78
한국항공우주산업(주),3634,047810,201312,201106,,0,0,0,KOSPI,제조업,1,4.4146956,8.365106996,31.39126942,5.86,-0.970125949,6.44,0.35,927.2366636,158.6,108.82,105.51,32.03,16.11,25.82,25.31,161.8174078,1.771138445,2.0
(주)금양,119,001570,201512,197612,,0,0,0,KOSPI,제조업,1,3.220707583,30.26244895,0.283191735,-0.98,32.76839495,4.21,1.24,367.8123577,121.07,98.69,185.41,19.29,13.04,21.13,21.98,118.8418812,3.104134036,1.42
참엔지니어링(주),3282,009310,202012,198711,,0,0,0,KOSPI,제조업,1,4.914269075,9.779747225,49.91221197,4.72,293.6162978,0.96,1.41,123.1364287,219.97,195.6,388.92,0.33,1.29,4.7,20.93,56.9312406,1.375834949,0.58
(주)노루페인트,160,090350,201812,200607,,0,0,0,KOSPI,제조업,1,2.640583248,2.934837363,11.48265015,0.76,-18.32727348,3.78,0.79,622.6862406,122.19,91.41,97.35,7.9,3.85,20.85,20.6,124.2958134,2.02600562,2.08
(주)일신석재,1130,007110,201212,198603,,0,0,0,KOSPI,도매 및 소매업,1,-3.758357977,0.701859105,-31.85866973,-10.71,-17.14756216,1.35,0.67,10.53939748,591.26,401.92,37.23,-2.33,-1.22,7.64,14.78,77.94466667,1.048907158,1.76
한화화인케미칼(주),3795,025850,201112,199511,42444.0,0,0,0,KOSPI,제조업,1,-16.93432571,-14.23113977,-35.8571804,2.94,-181.1751511,-10.89,-0.37,-2238.020276,83.98,64.31,41.97,-9.91,-2.71,-3.59,-4.71,-75.62221774,1.820828294,3.18
(주)엘지화학,937,051910,201512,200104,,0,0,0,KOSPI,제조업,1,2.488365009,6.829285075,-10.50254608,4.82,39.12284543,9.94,0.1,15541.68706,180.36,131.63,41.78,47.18,12.78,24.34,22.38,265.9459384,1.592990272,3.56
효성화학(주),3979,298000,201912,201807,,0,0,0,KOSPI,제조업,1,24.81580361,23.81500828,62.29545174,0.0,136.7687205,8.28,2.0,16360.35769,103.42,73.85,353.81,7.46,6.62,19.37,22.06,344.5574678,6.550720162,1.25
(주)에스제이엠,818,123700,201612,201005,,0,0,0,KOSPI,제조업,1,10.84898465,9.886845584,-1.947351287,-2.79,-38.81360084,7.31,-0.31,962.3752747,463.35,312.14,22.09,55.45,11.69,34.73,40.45,106.1601437,1.09749576,5.08
대원강업(주),1986,000430,201612,197706,,0,0,0,KOSPI,제조업,1,11.30873734,8.581478673,6.226879789,-3.33,13.04885319,4.88,1.02,744.2116774,80.79,63.81,132.48,12.76,8.7,23.13,27.69,166.2833704,2.024083959,1.56
부광약품(주),2341,003000,201712,198808,,0,0,0,KOSPI,제조업,1,-0.591017906,-1.551898126,8.747706298,-2.11,-10.10854998,3.24,-2.91,248.8669453,645.97,440.16,11.8,1.6,0.27,24.62,38.59,102.817798,0.630384678,6.29
한국화장품(주),3642,123690,201112,201006,,0,0,0,KOSPI,도매 및 소매업,1,11.48149264,-21.79062906,82.96258463,0.0,-303.2733638,-10.89,0.7,-1021.544561,72.08,52.33,106.5,-19.54,-13.66,0.63,1.1,51.52552326,2.3372951,1.1
(주)큐로,1278,015590,201112,198905,,0,0,0,KOSPI,제조업,1,14.10298543,-24.90295417,22.63232142,8.58,-356.1110787,-7.53,2.93,-379.9968177,86.2,83.66,356.55,-8.48,-7.32,5.46,6.03,23.69264822,3.695469746,1.32
(주)한섬,1454,020000,201612,199607,,0,0,0,KOSPI,제조업,1,8.413135259,5.890956116,15.44246456,12.49,8.966737762,7.22,-0.36,2292.972432,371.7,186.61,17.91,20.23,4.48,18.37,26.78,191.6872553,0.744858831,5.02
태광산업(주),3392,003240,201812,197512,,0,0,0,KOSPI,제조업,1,9.56658534,10.41881325,6.616949722,2.05,37.4448648,7.7,-0.6,16360.35769,269.66,243.79,28.46,35.32,11.34,15.15,21.94,256.12566,0.94800412,3.22
(주)시디즈,661,134790,201112,201101,,0,0,0,KOSPI,제조업,1,55.1544764,43.9577109,82.96258463,0.0,594.6717064,3.36,-1.84,968.1725,488.71,443.13,37.66,-1.14,-0.29,17.39,16.09,46.06216049,1.48778488,3.95
일성건설(주),3062,013360,201812,198912,,0,0,0,KOSPI,건설업,1,1.129260888,6.991420862,-13.50068934,5.96,-23.64887425,3.22,1.88,44.95750847,118.55,107.71,242.71,4.14,2.49,20.11,17.06,152.7699022,4.634190305,1.66
아세아제지(주),2766,002310,201112,198812,,0,0,0,KOSPI,제조업,1,2.876135895,-0.425756463,16.20303956,5.42,36.92053872,2.44,1.25,605.8349857,103.56,70.56,107.68,7.22,3.32,16.75,14.84,243.9085143,0.966582264,2.25
파미셀(주),3458,005690,201312,198805,,0,0,0,KOSPI,제조업,1,-22.36308992,-18.86280003,82.96258463,42.0,45.57553313,-6.48,4.46,-592.1155517,108.48,72.52,20.56,-19.54,-13.66,-3.59,-5.86,-75.62221774,0.348038399,1.29
(주)한라,1437,014790,201112,199408,,0,0,0,KOSPI,건설업,1,-22.36308992,-31.51271657,-38.67458151,5.43,-81.28225445,2.8,3.64,1073.1821,106.84,78.24,294.36,3.59,4.38,7.17,11.73,77.36481724,1.684163998,0.97
(주)화신,1610,010690,201312,199401,,0,0,0,KOSPI,제조업,1,-8.430822527,-8.694965021,-8.763766987,3.67,-32.92524976,8.12,0.26,46.26337434,133.1,96.95,133.61,9.51,2.87,23.81,12.54,149.5028228,4.456932245,3.18
(주)아모레퍼시픽,747,090430,201712,200606,,0,0,0,KOSPI,제조업,1,3.746100929,7.153410432,-9.239567937,-1.04,-29.67849215,11.3,-0.21,5766.795622,160.3,124.49,28.75,49.55,11.61,26.9,28.22,168.9478571,1.269529715,4.12
두산밥캣(주),2142,241560,201612,201611,,0,0,0,KOSPI,제조업,1,-0.610600494,7.24304202,-2.247680016,0.0,7.374347812,6.52,2.21,1798.82496,207.07,112.16,88.73,11.25,8.47,13.86,22.19,-44.09647059,3.815623844,1.27
기아(주),1892,000270,201912,197307,,0,0,0,KOSPI,제조업,1,6.8708752,6.367303365,7.34015087,-0.68,73.62621223,3.75,-0.01,4506.226361,124.77,77.83,90.99,15.33,6.95,16.87,16.06,205.8033917,2.002409109,2.28
조선내화(주),3184,000480,201212,197806,,0,0,0,KOSPI,제조업,1,1.177769812,2.439393782,8.472482969,0.72,-11.14262919,3.76,0.75,8629.1725,143.35,85.11,83.23,9.41,5.97,15.59,21.78,174.6700891,1.238783619,1.57
(주)플레이그램,1382,009810,201212,198808,,0,0,0,KOSPI,도매 및 소매업,1,-22.36308992,-31.51271657,-21.13269686,-24.0,-135.8852966,-2.13,-1.67,-270.0688771,1062.09,940.6,8.48,121.58,9.67,-3.59,-5.86,-75.62221774,0.348038399,6.88
(주)에스피씨삼립,849,005610,201512,197405,,0,0,0,KOSPI,제조업,1,7.194907809,13.5042071,24.02797506,-2.4,21.36696485,9.61,0.38,4359.561799,81.26,54.86,141.53,12.07,3.16,32.31,14.41,83.70777617,5.75626683,3.88
광동제약(주),1817,009290,201512,198911,,0,0,0,KOSPI,제조업,1,49.99867929,20.14396612,82.94094687,5.84,0.807013596,9.2,0.1,688.3360783,177.87,142.05,75.73,12.92,3.87,18.52,12.86,123.8463514,1.725904585,4.61
(주)지에스글로벌,1186,001250,201612,197606,,0,0,0,KOSPI,도매 및 소매업,1,65.65487623,74.7515344,12.89851589,1.72,25.95518513,3.42,0.62,194.7458982,90.59,72.94,274.42,3.7,1.41,18.7,9.71,155.2894492,6.550720162,3.25
(주)유니온,1054,000910,201112,199607,,0,0,0,KOSPI,제조업,1,-22.36308992,-25.74264997,11.94782537,2.88,-21.88176366,2.63,-1.68,564.6185374,147.46,78.17,42.15,12.59,9.12,9.75,23.82,131.67952,2.687253506,1.23
(주)케이티앤지,1256,033780,201412,199910,,0,0,0,KOSPI,제조업,1,4.491218596,6.178949288,8.427870815,-1.82,17.3366014,16.72,-1.16,5829.975152,396.24,219.33,29.43,40.73,16.53,25.73,45.91,367.2903608,0.721949491,2.45
(주)한화갤러리아타임월드,1510,027390,201412,199601,43937.0,0,0,0,KOSPI,도매 및 소매업,1,8.495603958,9.974361132,28.31481128,22.49,-6.743068155,8.51,-1.08,4076.148,51.15,33.02,43.93,25.24,19.63,18.81,47.95,190.6911166,0.497609999,1.32
(주)화인베스틸,1616,133820,201512,201407,,0,0,0,KOSPI,제조업,1,-12.11113247,-3.835981938,-17.01074172,-7.83,-77.37566767,2.41,1.98,37.67186916,71.02,33.02,120.54,-1.32,-0.75,13.01,13.56,144.84785,2.452575267,1.58
서울식품공업(주),2581,004410,201412,197312,,0,0,0,KOSPI,제조업,1,4.070028828,0.014802819,1.009323572,12.87,-24.06962908,2.34,1.82,18.65696433,84.1,55.43,108.65,10.7,6.6,22.41,26.57,59.56792746,1.762076538,1.68
호전실업(주),3924,111110,201812,201702,,0,0,0,KOSPI,제조업,1,0.801533616,4.119400319,-4.620558778,-13.25,-28.73873584,3.76,1.69,532.3751804,132.78,66.86,127.28,-3.84,-1.97,40.84,37.48,16.77167939,2.702987952,1.93
신일전자(주),2693,002700,201412,197509,,0,0,0,KOSPI,도매 및 소매업,1,51.30000823,53.81158995,-4.919868219,11.01,-102.4322075,-0.22,0.42,-25.12694725,184.53,127.65,73.95,-11.41,-3.87,10.93,8.72,86.94123967,3.926032328,3.52
제이더블유중외제약(주),3141,001060,201912,197606,,0,0,0,KOSPI,제조업,1,-3.4664243,-11.54094441,-4.811522399,3.73,-188.0919055,-3.26,2.18,-1168.15366,120.53,88.0,149.12,15.69,10.53,14.78,16.56,69.43433361,2.023712639,1.51
한국철강(주),3605,104700,201912,200809,,0,0,0,KOSPI,제조업,1,-3.940500582,1.071632935,-7.506950854,-2.47,-51.94338451,1.37,-0.64,414.4224104,444.45,381.3,20.45,21.19,4.37,10.16,12.33,172.5690467,1.083176001,4.23
동국제강(주),2073,001230,201112,198805,,0,0,0,KOSPI,제조업,1,4.267017404,-2.024229147,6.504144244,0.9,-19.79147187,2.69,1.7,105.2891671,106.97,67.5,222.55,-2.14,-1.69,8.09,9.29,276.006128,1.090871255,1.31
금호타이어(주),1878,073240,201212,200502,,0,0,0,KOSPI,제조업,1,-2.914398523,63.32289279,3.952327423,0.61,102.8485714,7.73,4.51,1034.284186,78.79,44.07,388.92,2.73,2.58,19.6,23.02,124.3374714,6.550720162,0.99
태경산업(주),3368,015890,201412,199601,,0,0,0,KOSPI,제조업,1,-0.870976414,-4.11184964,-8.556899761,-2.33,-2.603248997,3.52,0.39,248.0649019,134.76,89.45,59.69,18.1,7.16,23.56,24.93,115.1778486,1.598773246,2.59
남양유업(주),1905,003920,201512,197806,,0,0,0,KOSPI,제조업,1,3.211245629,3.060279422,5.499614303,-9.22,229.4412165,2.06,-0.42,16360.35769,449.44,304.15,17.08,1.89,0.23,19.58,16.02,77.89191646,1.395647465,8.17
한국유리공업(주),3568,002000,201512,196906,43447.0,0,0,0,KOSPI,제조업,1,4.978445829,7.364083361,-8.826739023,-1.37,-32.43928591,1.38,-1.27,3764.493028,235.78,165.01,20.32,21.81,8.39,16.24,36.97,200.4205923,0.640736766,2.53
에스케이가스(주),2819,018670,201612,199708,,0,0,0,KOSPI,도매 및 소매업,1,-0.221467539,5.145972782,28.82463807,7.1,93.31049482,4.44,0.44,16360.35769,124.13,99.46,137.88,-5.67,-2.54,12.6,9.76,685.3952381,2.689211244,2.18
부산주공(주),2365,005030,201112,197512,,0,0,0,KOSPI,제조업,1,51.43511549,25.3215839,14.23765381,8.31,-15.58755545,3.14,1.65,178.3284046,71.92,51.31,368.37,3.72,3.51,15.03,18.03,91.580625,1.454025254,1.25
효성티앤씨(주),3978,298020,202012,201807,,0,0,0,KOSPI,제조업,1,-12.41131651,22.71227496,-13.7307018,-0.59,-17.45170315,8.81,0.96,16360.35769,75.56,54.47,294.79,21.68,8.86,25.36,13.88,149.1910733,6.550720162,2.17
지에스건설(주),3214,006360,201812,198108,,0,0,0,KOSPI,건설업,1,-12.14416377,11.88285616,12.49987085,-3.78,234.0418294,8.27,0.63,7395.084045,123.09,106.83,231.98,4.92,3.15,21.68,19.86,329.256652,3.543051222,1.39
광전자(주),1823,017900,201112,199610,,0,0,0,KOSPI,제조업,1,-9.662594338,-4.526086802,19.3160607,-8.27,-300.7349202,-9.95,0.91,-759.5134786,144.34,74.37,54.0,32.11,10.12,13.13,11.8,25.62117006,2.619458162,2.64
한신기계공업(주),3727,011700,202012,198707,,0,0,0,KOSPI,제조업,1,1.326896755,1.678688269,-2.120278962,-2.17,78.60993155,4.1,-0.33,106.6545305,682.99,523.93,15.63,24.53,6.11,13.12,24.19,122.7156667,0.656140371,3.99
(주)유유제약,1066,000220,202012,197511,,0,0,0,KOSPI,제조업,1,12.47643864,29.25823782,7.969178866,10.49,-22.33883573,4.29,1.58,258.5083863,350.39,221.63,32.35,13.89,5.36,22.69,35.83,79.9594362,1.024452938,2.31
백광산업(주),2322,001340,201312,197606,,0,0,0,KOSPI,제조업,1,3.486966192,-19.53815152,-4.923237068,-0.86,-394.4957649,-7.73,1.54,-1263.807357,56.65,36.98,207.91,-0.65,-0.57,3.34,4.37,73.0256087,1.982993681,1.23
동양철관(주),2092,008970,201512,197703,,0,0,0,KOSPI,제조업,1,-4.479607079,2.198720337,-14.26851614,-9.9,361.2036511,1.79,1.27,28.4788291,92.68,70.0,100.73,-5.08,-2.64,14.45,14.97,121.6675723,2.148819753,1.82
(주)만도,376,204320,201712,201410,,0,0,0,KOSPI,제조업,1,-0.298547709,-6.785097954,-3.096753731,2.68,-72.61475052,1.87,0.55,1943.35481,103.45,87.41,215.17,10.32,5.52,23.77,18.61,119.579702,3.883910802,1.9
(주)신화다이나믹스,723,001770,201612,198811,,0,0,0,KOSPI,제조업,1,0.819682287,-0.180220063,22.62853111,-2.35,-76.99811776,0.87,0.86,474.422123,168.31,128.64,78.27,17.11,7.51,9.59,9.58,81.00975904,1.781522909,2.3
현대두산인프라코어(주),3830,042670,201712,200102,,0,0,0,KOSPI,제조업,1,2.48614988,-7.981004791,14.63198667,1.99,34.62608284,6.51,2.84,1426.166295,101.94,67.98,223.84,8.3,8.97,16.19,25.33,251.656655,1.749124998,0.96
(주)포스코인터내셔널,1349,047050,201112,200103,,0,0,0,KOSPI,도매 및 소매업,1,57.55071083,20.23598567,20.76348896,9.58,-10.50392679,2.05,0.33,2042.224187,114.22,88.46,366.1,-13.65,-4.91,4.58,2.1,163.7511789,2.740916662,3.14
(주)현대미포조선,1542,010620,202012,198312,,0,0,0,KOSPI,제조업,1,6.460253259,0.574246229,-6.749599311,-0.9,-60.38684419,1.05,0.05,-307.0020093,157.79,145.31,52.02,7.45,3.29,9.69,12.49,74.34838878,1.281958572,2.47
(주)한농화성,1420,011500,201412,200301,,0,0,0,KOSPI,제조업,1,13.78437251,7.588332328,-2.939416958,13.49,0.128161078,5.82,0.41,497.606005,158.7,109.05,71.4,17.16,4.89,17.72,12.12,184.6279021,2.899689247,3.88
한화시스템(주),3784,272210,202012,201911,,0,0,0,KOSPI,제조업,1,11.8637016,6.63352938,6.265957443,2.24,8.280391654,3.64,-0.01,848.9541301,123.84,97.07,160.98,17.55,17.76,20.88,34.25,154.1811785,1.596364194,1.06
대한제강(주),2034,084010,201312,200510,,0,0,0,KOSPI,제조업,1,4.084124147,2.897731742,-0.657547652,4.28,-11.62629717,1.95,0.73,630.3310613,139.13,95.63,116.31,-0.07,-0.03,10.38,8.07,123.2105371,3.025516708,2.45
(주)진도,1207,088790,201712,200603,,0,0,0,KOSPI,도매 및 소매업,1,6.046310217,7.259693338,4.308101954,-14.29,4.773036674,7.45,0.72,762.2079368,190.08,77.05,54.49,9.51,4.14,17.19,21.22,113.57525,1.332649479,2.34
대덕GDS(주),1942,004130,201212,198707,43453.0,0,0,0,KOSPI,제조업,1,0.630350923,7.39292399,7.95522734,2.36,190.6295958,8.92,-0.89,1576.888998,325.61,266.19,29.62,32.48,6.54,23.39,20.59,166.6286,1.464474452,4.51
(주)에넥스,786,011090,201612,199507,,0,0,0,KOSPI,제조업,1,20.9535965,-2.450780891,27.82443143,5.1,-70.64711241,1.7,0.12,31.11501817,133.84,103.6,158.98,1.39,0.33,19.51,7.56,59.50122363,6.550720162,4.94
(주)삼양엔텍,524,008720,201112,197606,42003.0,0,0,0,KOSPI,제조업,1,-4.447728343,-4.981791802,16.82371313,0.0,81.30381361,2.36,-0.22,-1346.401515,154.43,153.59,28.93,-3.81,-1.73,1.25,2.51,26.2,0.638574934,2.18
가온전선(주),1739,000500,201812,198706,,0,0,0,KOSPI,제조업,1,-2.312182237,0.111833243,0.43907835,0.91,-34.21438367,0.97,0.43,23.77253628,188.36,145.5,102.18,2.34,0.74,9.48,5.94,99.02029279,3.190388625,3.09
씨에스윈드(주),2732,112610,201512,201411,,0,0,0,KOSPI,제조업,1,5.675035383,9.472242016,-9.747051862,21.79,-47.06999143,9.55,-0.16,1237.019932,457.65,315.15,20.36,20.36,4.54,24.03,31.7,276.3938947,1.106650587,4.25
(주)동방아그로,291,007590,201912,197706,,0,0,0,KOSPI,제조업,1,4.451382376,3.118971401,2.919931422,-3.45,14.18127287,4.11,0.01,474.8843013,429.7,207.2,41.46,5.67,2.59,16.22,25.24,139.7342857,0.922785149,2.27
한국유나이티드제약(주),3555,033270,201212,200710,,0,0,0,KOSPI,제조업,1,10.28414514,18.07674121,-7.303526314,-0.3,-15.97891571,11.08,-0.03,1057.184265,269.45,182.6,40.53,46.06,18.48,31.77,44.2,90.41438729,1.286708271,2.43
